{
  "obs_mean": [
    0.24683358622894955,
    0.2716307371949074,
    0.37162780394922845,
    0.5686577843538014,
    0.8292566538472076,
    0.8148101474305086,
    0.4908624794906048,
    0.2826496934432549,
    0.2535744212504102,
    0.935653045066875,
    0.06301116590707513,
    -0.04307341207306615,
    0.4390157926264747,
    0.035234901475728976
  ],
  "obs_var": [
    0.001116404637606251,
    0.004457271540226067,
    0.01726455814658302,
    0.026391909037198083,
    0.03893844674306444,
    0.0470847168223766,
    0.05487859057413234,
    0.0031729502783049346,
    0.0014998417315910226,
    0.03979634158580135,
    0.08178454992750046,
    0.03848571051211109,
    0.08222265698719988,
    0.0026393973813875504
  ],
  "clip_obs": 10.0,
  "epsilon": 1e-08
}