{
  "obs_mean": [
    0.27254574329631853,
    0.2948017331166323,
    0.42312856321952586,
    0.6376190582436506,
    0.879297108522933,
    0.7916615815558096,
    0.3810525929642846,
    0.25671537375114284,
    0.23357140781925334,
    0.9503302275482587,
    0.046668187830364256,
    -0.02653286141977058,
    0.45595302220177725,
    0.06722859299565233
  ],
  "obs_var": [
    0.0011152848886893266,
    0.000874188685533001,
    0.028011677712744137,
    0.02761779788486559,
    0.02694005970418497,
    0.04996905084388287,
    0.022207755856509012,
    0.0036653207243020915,
    0.002697415309285526,
    0.031098949591255826,
    0.08664311732809157,
    0.04011894687482905,
    0.09050309293537996,
    0.0026386349432419034
  ],
  "clip_obs": 10.0,
  "epsilon": 1e-08
}